,Simulation,Timestep,A,CQY,CUE_24,DCG,CGR,TCB,TEB,VP_SAT,VP_AIR,VPD,P_GROSS,P_NET,g_S,g_A,g_C,DTR,T_LIGHT,T_DARK,RH,CO2
0,0,29,0.7764563367113574,0.059114737244280915,0.625,0.519746035576671,15.605374718189546,137.21649885317177,130.35240048236946,2.481542919387587,168.66737030212505,-166.18582738273747,14.437389877129752,10.828042407847313,43.43721114297656,2.5,2.363944722709716,-4043.3008684351084,20.9375,20.9375,67.96875,440.625
1,1,29,0.7764563367113574,0.059114737244280915,0.625,0.519746035576671,15.605374718189546,137.21649885317177,130.35240048236946,4.488655901938403,305.0883308348758,-300.59967493293743,14.437389877129752,10.828042407847313,78.67407441059504,2.5,2.4230049736275867,-7496.310564762129,30.9375,30.9375,67.96875,440.625
2,2,29,0.7764563367113574,0.059114737244280915,0.625,0.519746035576671,15.605374718189546,137.21649885317177,130.35240048236946,2.481542919387587,159.3615843544216,-156.88004143503403,14.437389877129752,10.828042407847313,41.02689237069612,2.5,2.3564106082563403,-3804.7263223548944,20.9375,20.9375,64.21875,440.625
3,3,29,0.8091171511443286,0.06048415889595569,0.625,0.5541552295650576,16.638510767690853,146.30076078930637,138.9822326081174,2.481542919387587,168.66737030212505,-166.18582738273747,15.3932008212516,11.544900615938701,42.12981955524536,2.5,2.3599591021813704,-4036.483846535781,20.9375,20.9375,67.96875,484.375
4,4,29,0.8091171511443286,0.06048415889595569,0.625,0.5541552295650576,16.638510767690853,146.30076078930637,138.9822326081174,2.481542919387587,159.3615843544216,-156.88004143503403,15.3932008212516,11.544900615938701,39.792047578758456,2.5,2.3522180798089543,-3797.956948933683,20.9375,20.9375,64.21875,484.375
5,5,29,0.8091171511443286,0.06048415889595569,0.625,0.5541552295650576,16.638510767690853,146.30076078930637,138.9822326081174,4.488655901938403,305.0883308348758,-300.59967493293743,15.3932008212516,11.544900615938701,76.30610878042631,2.5,2.4206914273941114,-7489.152898450738,30.9375,30.9375,67.96875,484.375
6,6,29,0.7764563367113574,0.059114737244280915,0.625,0.519746035576671,15.605374718189546,137.21649885317177,130.35240048236946,4.488655901938403,288.2558712026068,-283.7672153006684,14.437389877129752,10.828042407847313,74.31424992469834,2.5,2.418634888629038,-7063.782037250238,30.9375,30.9375,64.21875,440.625
7,7,29,0.8091171511443286,0.06048415889595569,0.625,0.5541552295650576,16.638510767690853,146.30076078930637,138.9822326081174,4.488655901938403,288.2558712026068,-283.7672153006684,15.3932008212516,11.544900615938701,72.07750813940503,2.5,2.4161945718497715,-7056.654931827413,30.9375,30.9375,64.21875,484.375
8,8,29,0.6991327365750003,0.05569904459931143,0.625,0.44094636550836613,13.239414624388692,116.41284842116603,110.58942886253682,4.488655901938403,372.41816936395185,-367.92951346201346,12.248510153010171,9.186382614757628,105.48021645620935,2.5,2.4421190269373585,-9247.752793602252,30.9375,30.9375,82.96875,340.625
9,9,29,0.6991327365750003,0.05569904459931143,0.625,0.44094636550836613,13.239414624388692,116.41284842116603,110.58942886253682,2.481542919387587,205.89051409293887,-203.4089711735513,12.248510153010171,9.186382614757628,58.251313836935275,2.5,2.397121566510054,-5018.395912812637,20.9375,20.9375,82.96875,340.625
10,10,29,0.6991327365750003,0.05569904459931143,0.625,0.44094636550836613,13.239414624388692,116.41284842116603,110.58942886253682,4.488655901938403,355.5857097316828,-351.0970538297444,12.248510153010171,9.186382614757628,100.6955000403832,2.5,2.439435343619109,-8814.978459573875,30.9375,30.9375,79.21875,340.625
11,11,29,0.7335339692831325,0.05724230121515927,0.625,0.47546187456175226,14.27574278371661,125.52517825969147,119.24592482597,4.488655901938403,372.41816936395185,-367.92951346201346,13.207274293382007,9.905455720036505,100.79113361987895,2.5,2.4394914182760297,-9237.802633487097,30.9375,30.9375,82.96875,384.375
12,12,29,0.7335339692831325,0.05724230121515927,0.625,0.47546187456175226,14.27574278371661,125.52517825969147,119.24592482597,4.488655901938403,355.5857097316828,-351.0970538297444,13.207274293382007,9.905455720036505,96.21911994941996,2.5,2.4366890628360314,-8805.054685201212,30.9375,30.9375,79.21875,384.375
13,13,29,0.7335339692831325,0.05724230121515927,0.625,0.47546187456175226,14.27574278371661,125.52517825969147,119.24592482597,2.481542919387587,205.89051409293887,-203.4089711735513,13.207274293382007,9.905455720036505,55.661773873108345,2.5,2.3925411041685964,-5008.806673028429,20.9375,20.9375,82.96875,384.375
14,14,29,0.6991327365750003,0.05569904459931143,0.625,0.44094636550836613,13.239414624388692,116.41284842116603,110.58942886253682,2.481542919387587,196.5847281452354,-194.10318522584782,12.248510153010171,9.186382614757628,55.60609455473469,2.5,2.392438133247578,-4779.452355877739,20.9375,20.9375,79.21875,340.625
15,15,29,0.7335339692831325,0.05724230121515927,0.625,0.47546187456175226,14.27574278371661,125.52517825969147,119.24592482597,2.481542919387587,196.5847281452354,-194.10318522584782,13.207274293382007,9.905455720036505,53.13414680631288,2.5,2.3876589224643094,-4769.904769288186,20.9375,20.9375,79.21875,384.375
16,16,29,0.8137397699314397,0.06067358216890304,0.625,0.5590666183432216,16.78597521575523,147.59740092990637,140.21400980912196,5.940077742319665,359.18907598089226,-353.2489982385726,15.529628287311713,11.647221215483786,89.3791821831182,2.5,2.4319758855978546,-8841.887029021904,35.9375,35.9375,60.46875,490.625
17,17,29,0.8137397699314397,0.06067358216890304,0.625,0.5590666183432216,16.78597521575523,147.59740092990637,140.21400980912196,5.940077742319665,359.18907598089226,-353.2489982385726,15.529628287311713,11.647221215483786,89.3791821831182,2.5,2.4319758855978546,-8841.887029021904,35.9375,35.9375,60.46875,490.625
18,18,29,0.8137397699314397,0.06067358216890304,0.625,0.5590666183432216,16.78597521575523,147.59740092990637,140.21400980912196,5.940077742319665,515.1161167167835,-509.17603897446384,15.529628287311713,11.647221215483786,128.3944594462156,2.5,2.4522516076964425,-12851.024294534895,35.9375,35.9375,86.71875,490.625
19,19,29,0.6941203743384279,0.05547237097689842,0.625,0.43600342840771283,13.091002937941576,115.10787930822123,109.34973933650011,5.940077742319665,359.18907598089226,-353.2489982385726,12.111206344658692,9.08340475849402,102.27714443197725,2.5,2.4403495864113993,-8872.331128836648,35.9375,35.9375,60.46875,334.375
20,20,29,0.6941203743384279,0.05547237097689842,0.625,0.43600342840771283,13.091002937941576,115.10787930822123,109.34973933650011,5.940077742319665,515.1161167167835,-509.17603897446384,12.111206344658692,9.08340475849402,146.9225646542843,2.5,2.4581723147741408,-12882.051759358457,35.9375,35.9375,86.71875,334.375
21,21,29,0.6941203743384279,0.05547237097689842,0.625,0.43600342840771283,13.091002937941576,115.10787930822123,109.34973933650011,5.940077742319665,359.18907598089226,-353.2489982385726,12.111206344658692,9.08340475849402,102.27714443197725,2.5,2.4403495864113993,-8872.331128836648,35.9375,35.9375,60.46875,334.375
22,22,29,0.8137397699314397,0.06067358216890304,0.625,0.5590666183432216,16.78597521575523,147.59740092990637,140.21400980912196,5.940077742319665,515.1161167167835,-509.17603897446384,15.529628287311713,11.647221215483786,128.3944594462156,2.5,2.4522516076964425,-12851.024294534895,35.9375,35.9375,86.71875,490.625
23,23,29,0.6941203743384279,0.05547237097689842,0.625,0.43600342840771283,13.091002937941576,115.10787930822123,109.34973933650011,5.940077742319665,515.1161167167835,-509.17603897446384,12.111206344658692,9.08340475849402,146.9225646542843,2.5,2.4581723147741408,-12882.051759358457,35.9375,35.9375,86.71875,334.375
24,24,29,0.7383659610916379,0.057456558054417066,0.625,0.4803852415898546,14.423566878735384,126.82498073998511,120.48070617424294,3.3562003276112296,253.28824347440997,-249.93204314679875,13.344034488607074,10.008025866455306,68.12140509515076,2.5,2.411499920008967,-6203.17380579494,25.9375,25.9375,75.46875,390.625
25,25,29,0.7383659610916379,0.057456558054417066,0.625,0.4803852415898546,14.423566878735384,126.82498073998511,120.48070617424294,3.3562003276112296,253.28824347440997,-249.93204314679875,13.344034488607074,10.008025866455306,68.12140509515076,2.5,2.411499920008967,-6203.17380579494,25.9375,25.9375,75.46875,390.625
26,26,29,0.7383659610916379,0.057456558054417066,0.625,0.4803852415898546,14.423566878735384,126.82498073998511,120.48070617424294,3.3562003276112296,240.70249224586786,-237.34629191825664,13.344034488607074,10.008025866455306,64.72274182138185,2.5,2.40702551204164,-5879.8724191984065,25.9375,25.9375,71.71875,390.625
27,27,29,0.7717438477840686,0.05891289718817836,0.625,0.5148277405593706,15.457702910295103,135.9180354183287,129.11889119533032,3.3562003276112296,253.28824347440997,-249.93204314679875,14.30077057109363,10.725577928320222,65.65247357329045,2.5,2.408293864150377,-6194.926771840302,25.9375,25.9375,75.46875,434.375
28,28,29,0.7717438477840686,0.05891289718817836,0.625,0.5148277405593706,15.457702910295103,135.9180354183287,129.11889119533032,3.3562003276112296,240.70249224586786,-237.34629191825664,14.30077057109363,10.725577928320222,62.376988423593936,2.5,2.4036638390303726,-5871.660537636525,25.9375,25.9375,71.71875,434.375
29,29,29,0.7717438477840686,0.05891289718817836,0.625,0.5148277405593706,15.457702910295103,135.9180354183287,129.11889119533032,3.3562003276112296,253.28824347440997,-249.93204314679875,14.30077057109363,10.725577928320222,65.65247357329045,2.5,2.408293864150377,-6194.926771840302,25.9375,25.9375,75.46875,434.375
30,30,29,0.7383659610916379,0.057456558054417066,0.625,0.4803852415898546,14.423566878735384,126.82498073998511,120.48070617424294,3.3562003276112296,240.70249224586786,-237.34629191825664,13.344034488607074,10.008025866455306,64.72274182138185,2.5,2.40702551204164,-5879.8724191984065,25.9375,25.9375,71.71875,390.625
31,31,29,0.7717438477840686,0.05891289718817836,0.625,0.5148277405593706,15.457702910295103,135.9180354183287,129.11889119533032,3.3562003276112296,240.70249224586786,-237.34629191825664,14.30077057109363,10.725577928320222,62.376988423593936,2.5,2.4036638390303726,-5871.660537636525,25.9375,25.9375,71.71875,434.375
32,32,29,0.6789005684681003,0.05478303752229295,0.625,0.42114404506993564,12.644849953224815,111.18490074338293,105.62300328623299,3.886621707825842,249.59398779944078,-245.70736609161494,11.6984456963871,8.773834272290326,72.79322834974178,2.5,2.4169912070848074,-6112.206316392783,28.4375,28.4375,64.21875,315.625
33,33,29,0.6789005684681003,0.05478303752229295,0.625,0.42114404506993564,12.644849953224815,111.18490074338293,105.62300328623299,3.886621707825842,249.59398779944078,-245.70736609161494,11.6984456963871,8.773834272290326,72.79322834974178,2.5,2.4169912070848074,-6112.206316392783,28.4375,28.4375,64.21875,315.625
34,34,29,0.6789005684681003,0.05478303752229295,0.625,0.42114404506993564,12.644849953224815,111.18490074338293,105.62300328623299,3.886621707825842,264.1688192037877,-260.28219749596184,11.6984456963871,8.773834272290326,77.06356567010238,2.5,2.421446456712176,-6486.704190148733,28.4375,28.4375,67.96875,315.625
35,35,29,0.7905211465305676,0.059710944825222226,0.625,0.5344976723707091,16.04829261293054,141.11103159546713,134.0521136798225,3.886621707825842,249.59398779944078,-245.70736609161494,14.847157565853031,11.135368174389773,63.47609094649718,2.5,2.4052687130998955,-6082.561896682678,28.4375,28.4375,64.21875,459.375
36,36,29,0.7905211465305676,0.059710944825222226,0.625,0.5344976723707091,16.04829261293054,141.11103159546713,134.0521136798225,3.886621707825842,264.1688192037877,-260.28219749596184,14.847157565853031,11.135368174389773,67.19984831053489,2.5,2.4103297905017773,-6456.924252175052,28.4375,28.4375,67.96875,459.375
37,37,29,0.7905211465305676,0.059710944825222226,0.625,0.5344976723707091,16.04829261293054,141.11103159546713,134.0521136798225,3.886621707825842,249.59398779944078,-245.70736609161494,14.847157565853031,11.135368174389773,63.47609094649718,2.5,2.4052687130998955,-6082.561896682678,28.4375,28.4375,64.21875,459.375
38,38,29,0.6789005684681003,0.05478303752229295,0.625,0.42114404506993564,12.644849953224815,111.18490074338293,105.62300328623299,3.886621707825842,264.1688192037877,-260.28219749596184,11.6984456963871,8.773834272290326,77.06356567010238,2.5,2.421446456712176,-6486.704190148733,28.4375,28.4375,67.96875,315.625
39,39,29,0.7905211465305676,0.059710944825222226,0.625,0.5344976723707091,16.04829261293054,141.11103159546713,134.0521136798225,3.886621707825842,264.1688192037877,-260.28219749596184,14.847157565853031,11.135368174389773,67.19984831053489,2.5,2.4103297905017773,-6456.924252175052,28.4375,28.4375,67.96875,459.375
40,40,29,0.7575274208237351,0.05829806443250421,0.625,0.5000700872340387,15.014604369202011,132.02191427072987,125.41766905073186,6.807464705058872,539.2788446038825,-532.4713798988236,13.890835756501074,10.418126817375805,141.83154583454203,2.5,2.4566969232965548,-13463.333690533394,38.4375,38.4375,79.21875,415.625
41,41,29,0.7575274208237351,0.05829806443250421,0.625,0.5000700872340387,15.014604369202011,132.02191427072987,125.41766905073186,6.807464705058872,539.2788446038825,-532.4713798988236,13.890835756501074,10.418126817375805,141.83154583454203,2.5,2.4566969232965548,-13463.333690533394,38.4375,38.4375,79.21875,415.625
42,42,29,0.7575274208237351,0.05829806443250421,0.625,0.5000700872340387,15.014604369202011,132.02191427072987,125.41766905073186,6.807464705058872,564.8068372478533,-557.9993725427944,13.890835756501074,10.418126817375805,148.5759758725535,2.5,2.4586300868559507,-14119.901298573048,38.4375,38.4375,82.96875,415.625
43,43,29,0.714011659052565,0.056369752879184054,0.625,0.4557532953507715,13.683992692906914,120.32197890541333,114.30300956660142,6.807464705058872,539.2788446038825,-532.4713798988236,12.659813759743654,9.49486031980774,149.49462475812206,2.5,2.4588801248074006,-13475.298198721386,38.4375,38.4375,79.21875,359.375
44,44,29,0.714011659052565,0.056369752879184054,0.625,0.4557532953507715,13.683992692906914,120.32197890541333,114.30300956660142,6.807464705058872,564.8068372478533,-557.9993725427944,12.659813759743654,9.49486031980774,156.60345257077344,2.5,2.460717382941644,-14131.888630408139,38.4375,38.4375,82.96875,359.375
45,45,29,0.714011659052565,0.056369752879184054,0.625,0.4557532953507715,13.683992692906914,120.32197890541333,114.30300956660142,6.807464705058872,539.2788446038825,-532.4713798988236,12.659813759743654,9.49486031980774,149.49462475812206,2.5,2.4588801248074006,-13475.298198721386,38.4375,38.4375,79.21875,359.375
46,46,29,0.7575274208237351,0.05829806443250421,0.625,0.5000700872340387,15.014604369202011,132.02191427072987,125.41766905073186,6.807464705058872,564.8068372478533,-557.9993725427944,13.890835756501074,10.418126817375805,148.5759758725535,2.5,2.4586300868559507,-14119.901298573048,38.4375,38.4375,82.96875,415.625
47,47,29,0.714011659052565,0.056369752879184054,0.625,0.4557532953507715,13.683992692906914,120.32197890541333,114.30300956660142,6.807464705058872,564.8068372478533,-557.9993725427944,12.659813759743654,9.49486031980774,156.60345257077344,2.5,2.460717382941644,-14131.888630408139,38.4375,38.4375,82.96875,359.375
48,48,29,0.7189235643331852,0.05659021811001947,0.625,0.460683300731845,13.832016104473645,121.62353395617501,115.5394558150098,5.170261334965676,370.80468011706955,-365.63441878210386,12.79675835366236,9.59756876524677,102.14409166400591,2.5,2.4402737421615006,-9183.12247078392,33.4375,33.4375,71.71875,365.625
49,49,29,0.7189235643331852,0.05659021811001947,0.625,0.460683300731845,13.832016104473645,121.62353395617501,115.5394558150098,2.8900768538891692,207.27269936486385,-204.3826225109747,12.79675835366236,9.59756876524677,57.07944920858939,2.5,2.395098056745732,-5038.160797355527,23.4375,23.4375,71.71875,365.625
50,50,29,0.7189235643331852,0.05659021811001947,0.625,0.460683300731845,13.832016104473645,121.62353395617501,115.5394558150098,5.170261334965676,390.1931601231908,-385.0228987882251,12.79675835366236,9.59756876524677,107.50835047285182,2.5,2.4431861311151795,-9681.616423164656,33.4375,33.4375,75.46875,365.625
51,51,29,0.6737595511822926,0.054550155508302334,0.625,0.4161781841554071,12.495749979266096,109.87387958719961,104.37756446349688,5.170261334965676,370.80468011706955,-365.63441878210386,11.560505115427974,8.67037883657098,109.0537888953939,2.5,2.4439732163121706,-9197.044156542423,33.4375,33.4375,71.71875,309.375
52,52,29,0.6737595511822926,0.054550155508302334,0.625,0.4161781841554071,12.495749979266096,109.87387958719961,104.37756446349688,5.170261334965676,390.1931601231908,-385.0228987882251,11.560505115427974,8.67037883657098,114.78092140193594,2.5,2.4467091499172273,-9695.57709372456,33.4375,33.4375,75.46875,309.375
53,53,29,0.6737595511822926,0.054550155508302334,0.625,0.4161781841554071,12.495749979266096,109.87387958719961,104.37756446349688,2.8900768538891692,207.27269936486385,-204.3826225109747,11.560505115427974,8.67037883657098,60.94067804464474,2.5,2.4014827679552586,-5051.591229411399,23.4375,23.4375,71.71875,309.375
54,54,29,0.7189235643331852,0.05659021811001947,0.625,0.460683300731845,13.832016104473645,121.62353395617501,115.5394558150098,2.8900768538891692,218.11048756694825,-215.2204107130591,12.79675835366236,9.59756876524677,60.077966927001704,2.5,2.4001245916587424,-5316.453271248466,23.4375,23.4375,75.46875,365.625
55,55,29,0.6737595511822926,0.054550155508302334,0.625,0.4161781841554071,12.495749979266096,109.87387958719961,104.37756446349688,2.8900768538891692,218.11048756694825,-215.2204107130591,11.560505115427974,8.67037883657098,64.14203519546724,2.5,2.40621534919112,-5329.944749115876,23.4375,23.4375,75.46875,309.375
56,56,29,0.7951864066449841,0.059906576489747204,0.625,0.5394135256397947,16.195891107334834,142.408850392125,135.28501057596412,2.8900768538891692,250.62385217320139,-247.73377531931223,14.983709045549853,11.23778178416239,63.50830829828445,2.5,2.4053149495703336,-6132.844173681656,23.4375,23.4375,86.71875,465.625
57,57,29,0.7951864066449841,0.059906576489747204,0.625,0.5394135256397947,16.195891107334834,142.408850392125,135.28501057596412,5.170261334965676,448.3586001415547,-443.188338806589,14.983709045549853,11.23778178416239,113.64265877569284,2.5,2.446186869959033,-11157.9063983538,33.4375,33.4375,86.71875,465.625
58,58,29,0.7951864066449841,0.059906576489747204,0.625,0.5394135256397947,16.195891107334834,142.408850392125,135.28501057596412,2.8900768538891692,174.7593347586107,-171.86925790472154,14.983709045549853,11.23778178416239,44.20980559703946,2.5,2.3661951185599426,-4185.55944464273,23.4375,23.4375,60.46875,465.625
59,59,29,0.7527604675129421,0.05809001598482403,0.625,0.49514988498976864,14.866875296817803,130.7229473149566,124.18368143082101,2.8900768538891692,250.62385217320139,-247.73377531931223,13.75416347193802,10.315622603953514,66.30715091986612,2.5,2.409166417785866,-6142.664282441204,23.4375,23.4375,86.71875,409.375
60,60,29,0.7527604675129421,0.05809001598482403,0.625,0.49514988498976864,14.866875296817803,130.7229473149566,124.18368143082101,2.8900768538891692,174.7593347586107,-171.86925790472154,13.75416347193802,10.315622603953514,46.15815364019111,2.5,2.3715528738263187,-4195.036770912811,23.4375,23.4375,60.46875,409.375
61,61,29,0.7527604675129421,0.05809001598482403,0.625,0.49514988498976864,14.866875296817803,130.7229473149566,124.18368143082101,5.170261334965676,448.3586001415547,-443.188338806589,13.75416347193802,10.315622603953514,118.65094706952326,2.5,2.4484114639532004,-11168.053542820191,33.4375,33.4375,86.71875,409.375
62,62,29,0.7951864066449841,0.059906576489747204,0.625,0.5394135256397947,16.195891107334834,142.408850392125,135.28501057596412,5.170261334965676,312.63924009870567,-307.46897876374,14.983709045549853,11.23778178416239,79.11821275457538,2.5,2.4234239541756,-7668.942122151863,33.4375,33.4375,60.46875,465.625
63,63,29,0.7527604675129421,0.05809001598482403,0.625,0.49514988498976864,14.866875296817803,130.7229473149566,124.18368143082101,5.170261334965676,312.63924009870567,-307.46897876374,13.75416347193802,10.315622603953514,82.60499160185346,2.5,2.426561299374314,-7678.870273066067,33.4375,33.4375,60.46875,409.375
64,64,29,0.709076824628275,0.05614773555045425,0.625,0.45082077386660285,13.53589373534475,119.01975958627077,113.06593227907794,3.115534413729321,194.23409860593733,-191.11856419220803,12.522799274072302,9.392099455554227,54.17344624834808,2.5,2.389719076326999,-4700.612843828018,24.6875,24.6875,62.34375,353.125
65,65,29,0.709076824628275,0.05614773555045425,0.625,0.45082077386660285,13.53589373534475,119.01975958627077,113.06593227907794,7.280878481369212,453.9172678228618,-446.6363893414926,12.522799274072302,9.392099455554227,126.48863252080403,2.5,2.4515461178411053,-11269.35162482819,39.6875,39.6875,62.34375,353.125
66,66,29,0.709076824628275,0.05614773555045425,0.625,0.45082077386660285,13.53589373534475,119.01975958627077,113.06593227907794,3.115534413729321,252.6503688633621,-249.5348344496328,12.522799274072302,9.392099455554227,70.54947730716867,2.5,2.414441550707897,-6200.870127066306,24.6875,24.6875,81.09375,353.125
67,67,29,0.7811564536667195,0.059315025202489095,0.625,0.5246638328579313,15.753031581559384,138.51483088230498,131.58578493711894,3.115534413729321,194.23409860593733,-191.11856419220803,14.573995357164758,10.930496517873568,49.8202700850405,2.5,2.380543430111478,-4682.5642117195985,24.6875,24.6875,62.34375,446.875
68,68,29,0.7811564536667195,0.059315025202489095,0.625,0.5246638328579313,15.753031581559384,138.51483088230498,131.58578493711894,3.115534413729321,252.6503688633621,-249.5348344496328,14.573995357164758,10.930496517873568,64.88038434344125,2.5,2.407243034291057,-6182.382595075609,24.6875,24.6875,81.09375,446.875
69,69,29,0.7811564536667195,0.059315025202489095,0.625,0.5246638328579313,15.753031581559384,138.51483088230498,131.58578493711894,7.280878481369212,453.9172678228618,-446.6363893414926,14.573995357164758,10.930496517873568,116.32447760448788,2.5,2.4474014098273305,-11250.29908828827,39.6875,39.6875,62.34375,446.875
70,70,29,0.709076824628275,0.05614773555045425,0.625,0.45082077386660285,13.53589373534475,119.01975958627077,113.06593227907794,7.280878481369212,590.4337393485345,-583.1528608671653,12.522799274072302,9.392099455554227,164.7587577426529,2.5,2.462632748895479,-14780.421511833672,39.6875,39.6875,81.09375,353.125
71,71,29,0.7811564536667195,0.059315025202489095,0.625,0.5246638328579313,15.753031581559384,138.51483088230498,131.58578493711894,7.280878481369212,590.4337393485345,-583.1528608671653,14.573995357164758,10.930496517873568,151.519358247677,2.5,2.4594206853533995,-14761.143098072618,39.6875,39.6875,81.09375,446.875
72,72,29,0.7858446029161587,0.05951376106280286,0.625,0.5295810728463233,15.900671712210855,139.81301578231935,132.81902962271548,5.54357552074702,428.76091918277734,-423.2173436620303,14.710585356842314,11.032939017631735,109.57602737008652,2.5,2.444234283221318,-10646.602674359148,34.6875,34.6875,77.34375,453.125
73,73,29,0.7858446029161587,0.05951376106280286,0.625,0.5295810728463233,15.900671712210855,139.81301578231935,132.81902962271548,4.178205323102279,323.1580679586919,-318.9798626355896,14.710585356842314,11.032939017631735,82.61613724429826,2.5,2.42657091589975,-7966.379898886705,29.6875,29.6875,77.34375,453.125
74,74,29,0.7858446029161587,0.05951376106280286,0.625,0.5295810728463233,15.900671712210855,139.81301578231935,132.81902962271548,5.54357552074702,366.39569457437335,-360.8521190536263,14.710585356842314,11.032939017631735,93.57100463240045,2.5,2.4349439508422486,-9043.217727783285,34.6875,34.6875,66.09375,453.125
75,75,29,0.704117681472028,0.05592416612383004,0.625,0.44588529577165426,13.387706005543917,117.71675970171376,111.82811347303186,5.54357552074702,428.76091918277734,-423.2173436620303,12.38570266032373,9.289276995242798,120.51782080519891,2.5,2.449194352825539,-10668.207759712794,34.6875,34.6875,77.34375,346.875
76,76,29,0.704117681472028,0.05592416612383004,0.625,0.44588529577165426,13.387706005543917,117.71675970171376,111.82811347303186,5.54357552074702,366.39569457437335,-360.8521190536263,12.38570266032373,9.289276995242798,102.91460495061357,2.5,2.4407103028756962,-9064.633570606064,34.6875,34.6875,66.09375,346.875
77,77,29,0.704117681472028,0.05592416612383004,0.625,0.44588529577165426,13.387706005543917,117.71675970171376,111.82811347303186,4.178205323102279,323.1580679586919,-318.9798626355896,12.38570266032373,9.289276995242798,90.86583135924282,2.5,2.433059022674452,-7987.680213274035,29.6875,29.6875,77.34375,346.875
78,78,29,0.7858446029161587,0.05951376106280286,0.625,0.5295810728463233,15.900671712210855,139.81301578231935,132.81902962271548,4.178205323102279,276.1532580737913,-271.975052750689,14.710585356842314,11.032939017631735,70.55311565314267,2.5,2.41444581187098,-6758.515138944436,29.6875,29.6875,66.09375,453.125
79,79,29,0.704117681472028,0.05592416612383004,0.625,0.44588529577165426,13.387706005543917,117.71675970171376,111.82811347303186,4.178205323102279,276.1532580737913,-271.975052750689,12.38570266032373,9.289276995242798,77.59824802569139,2.5,2.4219708276516196,-6779.579158200614,29.6875,29.6875,66.09375,346.875
80,80,29,0.668580804769947,0.0543157213964173,0.625,0.4112044812465733,12.34641454942836,108.56078809102539,103.13015886715925,7.280878481369212,508.52385643313085,-501.24297795176165,11.422346701293701,8.566760025970275,150.66996882515033,2.5,2.4591956566424935,-12686.626174216817,39.6875,39.6875,69.84375,303.125
81,81,29,0.668580804769947,0.0543157213964173,0.625,0.4112044812465733,12.34641454942836,108.56078809102539,103.13015886715925,5.54357552074702,387.1841027771747,-381.6405272564277,11.422346701293701,8.566760025970275,114.80064911338435,2.5,2.4467181124125013,-9610.438028430928,34.6875,34.6875,69.84375,303.125
82,82,29,0.668580804769947,0.0543157213964173,0.625,0.4112044812465733,12.34641454942836,108.56078809102539,103.13015886715925,7.280878481369212,535.8271507382655,-528.5462722568963,11.422346701293701,8.566760025970275,158.80296385436196,2.5,2.4612530368279963,-13388.873478664365,39.6875,39.6875,73.59375,303.125
83,83,29,0.7431804864162105,0.05766926279578046,0.625,0.48530758700989163,14.571360299971996,128.12451350878058,121.71523130302685,7.280878481369212,508.52385643313085,-501.24297795176165,13.480766305830322,10.110574729372741,135.81694383277227,2.5,2.4548139235381288,-12664.021462086606,39.6875,39.6875,69.84375,396.875
84,84,29,0.7431804864162105,0.05766926279578046,0.625,0.48530758700989163,14.571360299971996,128.12451350878058,121.71523130302685,7.280878481369212,535.8271507382655,-528.5462722568963,13.480766305830322,10.110574729372741,143.14818932042826,2.5,2.4570883783096686,-13366.218316781622,39.6875,39.6875,73.59375,396.875
85,85,29,0.7431804864162105,0.05766926279578046,0.625,0.48530758700989163,14.571360299971996,128.12451350878058,121.71523130302685,5.54357552074702,387.1841027771747,-381.6405272564277,13.480766305830322,10.110574729372741,103.48361676965897,2.5,2.4410286213048993,-9588.090336874011,34.6875,34.6875,69.84375,396.875
86,86,29,0.668580804769947,0.0543157213964173,0.625,0.4112044812465733,12.34641454942836,108.56078809102539,103.13015886715925,5.54357552074702,407.97251097997605,-402.428935459229,11.422346701293701,8.566760025970275,120.99301618415247,2.5,2.449389850591389,-10144.995814911488,34.6875,34.6875,73.59375,303.125
87,87,29,0.7431804864162105,0.05766926279578046,0.625,0.48530758700989163,14.571360299971996,128.12451350878058,121.71523130302685,5.54357552074702,407.97251097997605,-402.428935459229,13.480766305830322,10.110574729372741,109.06554113853183,2.5,2.4439791181379267,-10122.585393768148,34.6875,34.6875,73.59375,396.875
88,88,29,0.7479783949099484,0.05788041543924944,0.625,0.49022908763532463,14.71912835625062,129.42382324603784,122.94954455717007,4.178205323102279,354.494607881959,-350.3164025588567,13.617474656536796,10.213105992402596,94.33042119342106,2.5,2.435454169020751,-8781.024565949034,29.6875,29.6875,84.84375,403.125
89,89,29,0.7479783949099484,0.05788041543924944,0.625,0.49022908763532463,14.71912835625062,129.42382324603784,122.94954455717007,3.115534413729321,264.33362291484707,-261.21808850111773,13.617474656536796,10.213105992402596,70.32107210635856,2.5,2.4141731943897833,-6490.474216424473,24.6875,24.6875,84.84375,403.125
90,90,29,0.7479783949099484,0.05788041543924944,0.625,0.49022908763532463,14.71912835625062,129.42382324603784,122.94954455717007,4.178205323102279,370.1628778435926,-365.9846725204903,13.617474656536796,10.213105992402596,98.51430643335586,2.5,2.438127575977335,-9183.835210999421,29.6875,29.6875,88.59375,403.125
91,91,29,0.8183521849193948,0.06086145334395599,0.625,0.5639764225936305,16.93339208837375,148.89362274437013,141.44538961027666,4.178205323102279,354.494607881959,-350.3164025588567,15.666011738711958,11.749508804033969,88.04531093705954,2.5,2.4309737861042353,-8764.870555352069,29.6875,29.6875,84.84375,496.875
92,92,29,0.8183521849193948,0.06086145334395599,0.625,0.5639764225936305,16.93339208837375,148.89362274437013,141.44538961027666,4.178205323102279,370.1628778435926,-365.9846725204903,15.666011738711958,11.749508804033969,91.95042947903765,2.5,2.4338277228121328,-9167.63870705525,29.6875,29.6875,88.59375,496.875
93,93,29,0.8183521849193948,0.06086145334395599,0.625,0.5639764225936305,16.93339208837375,148.89362274437013,141.44538961027666,3.115534413729321,264.33362291484707,-261.21808850111773,15.666011738711958,11.749508804033969,65.63567278403647,2.5,2.4082712513926436,-6474.6069170365245,24.6875,24.6875,84.84375,496.875
94,94,29,0.7479783949099484,0.05788041543924944,0.625,0.49022908763532463,14.71912835625062,129.42382324603784,122.94954455717007,3.115534413729321,276.016876966332,-272.90134255260267,13.617474656536796,10.213105992402596,73.44084182567734,2.5,2.4176990951147617,-6790.670822865549,24.6875,24.6875,88.59375,403.125
95,95,29,0.8183521849193948,0.06086145334395599,0.625,0.5639764225936305,16.93339208837375,148.89362274437013,141.44538961027666,3.115534413729321,276.016876966332,-272.90134255260267,15.666011738711958,11.749508804033969,68.5475764044626,2.5,2.4120307782996036,-6774.750035332795,24.6875,24.6875,88.59375,496.875
96,96,29,0.8044841776257586,0.06029318352511393,0.625,0.5492424626015737,16.49100493961225,145.0037567983806,137.75010975798335,3.612931242654837,265.8891586391294,-262.27622739647455,15.256735072265936,11.442551304199451,66.79727380547502,2.5,2.4098088617808484,-6504.984763498189,27.1875,27.1875,73.59375,478.125
97,97,29,0.8044841776257586,0.06029318352511393,0.625,0.5492424626015737,16.49100493961225,145.0037567983806,137.75010975798335,2.679007767477305,197.1582278877829,-194.4792201203056,15.256735072265936,11.442551304199451,49.490381591912566,2.5,2.37978545629732,-4763.38592194868,22.1875,22.1875,73.59375,478.125
98,98,29,0.8044841776257586,0.06029318352511393,0.625,0.5492424626015737,16.49100493961225,145.0037567983806,137.75010975798335,3.612931242654837,306.53463511899633,-302.9217038763415,15.256735072265936,11.442551304199451,77.04987927892553,2.5,2.421432941738533,-7549.315848526438,27.1875,27.1875,84.84375,478.125
99,99,29,0.7622799111081204,0.058504560782289994,0.625,0.5049897709323844,15.16231787224484,133.32074432684186,126.65152661923032,3.612931242654837,265.8891586391294,-262.27622739647455,14.027493637010679,10.520620227758009,69.60410856906253,2.5,2.4133197799122135,-6514.4620582797925,27.1875,27.1875,73.59375,421.875
100,100,29,0.7622799111081204,0.058504560782289994,0.625,0.5049897709323844,15.16231787224484,133.32074432684186,126.65152661923032,3.612931242654837,306.53463511899633,-302.9217038763415,14.027493637010679,10.520620227758009,80.2875305687089,2.5,2.424505538973495,-7558.8953031552255,27.1875,27.1875,84.84375,421.875
101,101,29,0.7622799111081204,0.058504560782289994,0.625,0.5049897709323844,15.16231787224484,133.32074432684186,126.65152661923032,2.679007767477305,197.1582278877829,-194.4792201203056,14.027493637010679,10.520620227758009,51.569977293975576,2.5,2.3844090507747198,-4772.640522939776,22.1875,22.1875,73.59375,421.875
102,102,29,0.8044841776257586,0.06029318352511393,0.625,0.5492424626015737,16.49100493961225,145.0037567983806,137.75010975798335,2.679007767477305,227.29706527190262,-224.6180575044253,15.256735072265936,11.442551304199451,57.09274318019213,2.5,2.395121458310759,-5537.031156654647,22.1875,22.1875,84.84375,478.125
103,103,29,0.7622799111081204,0.058504560782289994,0.625,0.5049897709323844,15.16231787224484,133.32074432684186,126.65152661923032,2.679007767477305,227.29706527190262,-224.6180575044253,14.027493637010679,10.520620227758009,59.49179163198093,2.5,2.399180200548105,-5546.414138944349,22.1875,22.1875,84.84375,421.875
104,104,29,0.728683587851691,0.057026492278007074,0.625,0.47053727171706483,14.12788158330487,124.22504951538923,118.01083353467216,6.360960743776988,563.5413658939925,-557.1804051502155,13.070479769918471,9.802859827438853,153.38665777822624,2.5,2.4599067675894903,-14106.498939687286,37.1875,37.1875,88.59375,378.125
105,105,29,0.728683587851691,0.057026492278007074,0.625,0.47053727171706483,14.12788158330487,124.22504951538923,118.01083353467216,4.818988646479524,426.93227539904535,-422.11328675256584,13.070479769918471,9.802859827438853,116.25718573397346,2.5,2.447371605672767,-10632.458543239201,32.1875,32.1875,88.59375,378.125
106,106,29,0.728683587851691,0.057026492278007074,0.625,0.47053727171706483,14.12788158330487,124.22504951538923,118.01083353467216,6.360960743776988,444.273351948174,-437.912391204397,13.070479769918471,9.802859827438853,120.79683498870673,2.5,2.4493093233044263,-11039.149839867712,37.1875,37.1875,69.84375,378.125
107,107,29,0.6840062606751918,0.05501436743838918,0.625,0.4261029920567987,12.79374233650538,112.49409657549901,106.86670809465005,6.360960743776988,563.5413658939925,-557.1804051502155,11.836194223799964,8.877145667849973,163.17600036745304,2.5,2.4622757672436677,-14120.084125739893,37.1875,37.1875,88.59375,321.875
108,108,29,0.6840062606751918,0.05501436743838918,0.625,0.4261029920567987,12.79374233650538,112.49409657549901,106.86670809465005,6.360960743776988,444.273351948174,-437.912391204397,11.836194223799964,8.877145667849973,128.50625129992525,2.5,2.452292352937485,-11052.594491706,37.1875,37.1875,69.84375,321.875
109,109,29,0.6840062606751918,0.05501436743838918,0.625,0.4261029920567987,12.79374233650538,112.49409657549901,106.86670809465005,4.818988646479524,426.93227539904535,-422.11328675256584,11.836194223799964,8.877145667849973,123.67687553029674,2.5,2.4504663594360494,-10645.903514576356,32.1875,32.1875,88.59375,321.875
110,110,29,0.728683587851691,0.057026492278007074,0.625,0.47053727171706483,14.12788158330487,124.22504951538923,118.01083353467216,4.818988646479524,336.57623827755424,-331.7572496310747,13.070479769918471,9.802859827438853,91.5675213358527,2.5,2.4335583641277694,-8309.347979753238,32.1875,32.1875,69.84375,378.125
111,111,29,0.6840062606751918,0.05501436743838918,0.625,0.4261029920567987,12.79374233650538,112.49409657549901,106.86670809465005,4.818988646479524,336.57623827755424,-331.7572496310747,11.836194223799964,8.877145667849973,97.4114835773342,2.5,2.4374446282227176,-8322.617569331265,32.1875,32.1875,69.84375,321.875
112,112,29,0.7670185379798373,0.05870950503418137,0.625,0.5099089826733886,15.31001720476849,134.61944978299618,127.88526582074148,4.818988646479524,318.5050308532561,-313.68604220677656,14.164138407594129,10.623103805695596,82.91434743720757,2.5,2.426827281510349,-7834.996767928907,32.1875,32.1875,66.09375,428.125
113,113,29,0.7670185379798373,0.05870950503418137,0.625,0.5099089826733886,15.31001720476849,134.61944978299618,127.88526582074148,3.612931242654837,238.7921743192181,-235.17924307656327,14.164138407594129,10.623103805695596,62.169447032712434,2.5,2.403354670763792,-5817.302027700458,27.1875,27.1875,66.09375,428.125
114,114,29,0.7670185379798373,0.05870950503418137,0.625,0.5099089826733886,15.31001720476849,134.61944978299618,127.88526582074148,4.818988646479524,300.43382342895785,-295.61483478247834,14.164138407594129,10.623103805695596,78.18818528292654,2.5,2.422541324010636,-7370.588697630261,32.1875,32.1875,62.34375,428.125
115,115,29,0.7238138149545201,0.05680913124296047,0.625,0.4656111791493535,13.979975653959338,122.92452747404646,116.77536862056834,4.818988646479524,318.5050308532561,-313.68604220677656,12.933643865259821,9.700232898944865,87.16337323548115,2.5,2.4302948375187072,-7846.191750911457,32.1875,32.1875,66.09375,371.875
116,116,29,0.7238138149545201,0.05680913124296047,0.625,0.4656111791493535,13.979975653959338,122.92452747404646,116.77536862056834,4.818988646479524,300.43382342895785,-295.61483478247834,12.933643865259821,9.700232898944865,82.19501433792149,2.5,2.426205809765102,-7381.737905702295,32.1875,32.1875,62.34375,371.875
117,117,29,0.7238138149545201,0.05680913124296047,0.625,0.4656111791493535,13.979975653959338,122.92452747404646,116.77536862056834,3.612931242654837,238.7921743192181,-235.17924307656327,12.933643865259821,9.700232898944865,65.35538037804149,2.5,2.4078923444953153,-5828.28543307152,27.1875,27.1875,66.09375,371.875
118,118,29,0.7670185379798373,0.05870950503418137,0.625,0.5099089826733886,15.31001720476849,134.61944978299618,127.88526582074148,3.612931242654837,225.24368215926248,-221.63075091660764,14.164138407594129,10.623103805695596,58.62611042046932,2.5,2.3977523687175903,-5469.392679830681,27.1875,27.1875,62.34375,428.125
119,119,29,0.7238138149545201,0.05680913124296047,0.625,0.4656111791493535,13.979975653959338,122.92452747404646,116.77536862056834,3.612931242654837,225.24368215926248,-221.63075091660764,12.933643865259821,9.700232898944865,61.630462059582925,2.5,2.4025424143335625,-5480.319012662151,27.1875,27.1875,62.34375,371.875
120,120,29,0.6890788464481339,0.055244145256591,0.625,0.4310558662016189,12.942452382703607,113.80168913588972,108.10888983317557,2.679007767477305,217.2507861438627,-214.5717783763854,11.97377406115608,8.98033054586706,62.39287295237032,2.5,2.403687420272064,-5308.298661960842,22.1875,22.1875,81.09375,328.125
121,121,29,0.6890788464481339,0.055244145256591,0.625,0.4310558662016189,12.942452382703607,113.80168913588972,108.10888983317557,6.360960743776988,515.8341603156651,-509.47319957188813,11.97377406115608,8.98033054586706,148.16658550413158,2.5,2.458517676768957,-12891.380788686507,37.1875,37.1875,81.09375,328.125
122,122,29,0.6890788464481339,0.055244145256591,0.625,0.4310558662016189,12.942452382703607,113.80168913588972,108.10888983317557,2.679007767477305,207.20450701582283,-204.5254992483455,11.97377406115608,8.98033054586706,59.49486980352647,2.5,2.3991852064564787,-5050.286251730394,22.1875,22.1875,77.34375,328.125
123,123,29,0.7998406675494001,0.060100656056377766,0.625,0.5443285051625631,16.343463367505958,143.70643851379498,136.5176883363702,2.679007767477305,217.2507861438627,-214.5717783763854,15.120236254515644,11.340177190886733,54.78666360211021,2.5,2.3908995635806276,-5280.057983912606,22.1875,22.1875,81.09375,471.875
124,124,29,0.7998406675494001,0.060100656056377766,0.625,0.5443285051625631,16.343463367505958,143.70643851379498,136.5176883363702,2.679007767477305,207.20450701582283,-204.5254992483455,15.120236254515644,11.340177190886733,52.2419511033803,2.5,2.38582796422077,-5022.169249073619,22.1875,22.1875,77.34375,471.875
125,125,29,0.7998406675494001,0.060100656056377766,0.625,0.5443285051625631,16.343463367505958,143.70643851379498,136.5176883363702,6.360960743776988,515.8341603156651,-509.47319957188813,15.120236254515644,11.340177190886733,130.10384829185477,2.5,2.4528671295704476,-12861.751814980626,37.1875,37.1875,81.09375,471.875
126,126,29,0.6890788464481339,0.055244145256591,0.625,0.4310558662016189,12.942452382703607,113.80168913588972,108.10888983317557,6.360960743776988,491.9805575265014,-485.6195967827244,11.97377406115608,8.98033054586706,141.28564828217782,2.5,2.4565325185463958,-12277.882701611692,37.1875,37.1875,77.34375,328.125
127,127,29,0.7998406675494001,0.060100656056377766,0.625,0.5443285051625631,16.343463367505958,143.70643851379498,136.5176883363702,6.360960743776988,491.9805575265014,-485.6195967827244,15.120236254515644,11.340177190886733,124.0617544595319,2.5,2.4506169930506263,-12248.316584490463,37.1875,37.1875,77.34375,471.875
128,128,29,0.7905211465305676,0.059710944825222226,0.625,0.5344976723707091,16.04829261293054,141.11103159546713,134.0521136798225,2.5786224662838837,172.84828719309158,-170.2696647268077,14.847157565853031,11.135368174389773,43.9161971699922,2.5,2.365348727791931,-4145.1210516856845,21.5625,21.5625,67.03125,459.375
129,129,29,0.7905211465305676,0.059710944825222226,0.625,0.5344976723707091,16.04829261293054,141.11103159546713,134.0521136798225,2.782793588603933,186.53413273610738,-183.75133914750344,14.847157565853031,11.135368174389773,47.41268698165675,2.5,2.3747813356091827,-4491.1638357844695,22.8125,22.8125,67.03125,459.375
130,130,29,0.7905211465305676,0.059710944825222226,0.625,0.5344976723707091,16.04829261293054,141.11103159546713,134.0521136798225,2.5786224662838837,187.35303856593842,-184.77441609965453,14.847157565853031,11.135368174389773,47.62204962479765,2.5,2.375304381070086,-4517.164087688448,21.5625,21.5625,72.65625,459.375
131,131,29,0.6789005684681003,0.05478303752229295,0.625,0.42114404506993564,12.644849953224815,111.18490074338293,105.62300328623299,2.5786224662838837,172.84828719309158,-170.2696647268077,11.6984456963871,8.773834272290326,50.362297381262046,2.5,2.3817682864798186,-4173.895269024912,21.5625,21.5625,67.03125,315.625
132,132,29,0.6789005684681003,0.05478303752229295,0.625,0.42114404506993564,12.644849953224815,111.18490074338293,105.62300328623299,2.5786224662838837,187.35303856593842,-184.77441609965453,11.6984456963871,8.773834272290326,54.612101676874396,2.5,2.3905661004149192,-4546.187606143714,21.5625,21.5625,72.65625,315.625
133,133,29,0.6789005684681003,0.05478303752229295,0.625,0.42114404506993564,12.644849953224815,111.18490074338293,105.62300328623299,2.782793588603933,186.53413273610738,-183.75133914750344,11.6984456963871,8.773834272290326,54.37200839981821,2.5,2.3901041096340117,-4520.142120029977,22.8125,22.8125,67.03125,315.625
134,134,29,0.7905211465305676,0.059710944825222226,0.625,0.5344976723707091,16.04829261293054,141.11103159546713,134.0521136798225,2.782793588603933,202.1873466720045,-199.40455308340057,14.847157565853031,11.135368174389773,51.411962791274014,2.5,2.3840702568333945,-4892.815939445731,22.8125,22.8125,72.65625,459.375
135,135,29,0.6789005684681003,0.05478303752229295,0.625,0.42114404506993564,12.644849953224815,111.18490074338293,105.62300328623299,2.782793588603933,202.1873466720045,-199.40455308340057,11.6984456963871,8.773834272290326,58.95830527005945,2.5,2.3983050383095286,-4922.029913111702,22.8125,22.8125,72.65625,315.625
136,136,29,0.714011659052565,0.056369752879184054,0.625,0.4557532953507715,13.683992692906914,120.32197890541333,114.30300956660142,4.651271904228749,381.5496483937646,-376.89837648953585,12.659813759743654,9.49486031980774,105.86004253410124,2.5,2.442321912636449,-9473.968384957261,31.5625,31.5625,82.03125,359.375
137,137,29,0.714011659052565,0.056369752879184054,0.625,0.4557532953507715,13.683992692906914,120.32197890541333,114.30300956660142,4.99193969075199,409.4950527569992,-404.50311306624724,12.659813759743654,9.49486031980774,113.6038900673741,2.5,2.4461689010043233,-10183.875170203208,32.8125,32.8125,82.03125,359.375
138,138,29,0.714011659052565,0.056369752879184054,0.625,0.4557532953507715,13.683992692906914,120.32197890541333,114.30300956660142,4.651271904228749,407.7130528550513,-403.06178095082254,12.659813759743654,9.49486031980774,113.14581466283815,2.5,2.4459556749353903,-10146.703281082662,31.5625,31.5625,87.65625,359.375
139,139,29,0.7575274208237351,0.05829806443250421,0.625,0.5000700872340387,15.014604369202011,132.02191427072987,125.41766905073186,4.651271904228749,381.5496483937646,-376.89837648953585,13.890835756501074,10.418126817375805,100.43366775905581,2.5,2.4392812853552464,-9462.173540639847,31.5625,31.5625,82.03125,415.625
140,140,29,0.7575274208237351,0.05829806443250421,0.625,0.5000700872340387,15.014604369202011,132.02191427072987,125.41766905073186,4.651271904228749,407.7130528550513,-403.06178095082254,13.890835756501074,10.418126817375805,107.34597196590545,2.5,2.4431021466864533,-10134.865820272209,31.5625,31.5625,87.65625,415.625
141,141,29,0.7575274208237351,0.05829806443250421,0.625,0.5000700872340387,15.014604369202011,132.02191427072987,125.41766905073186,4.99193969075199,409.4950527569992,-404.50311306624724,13.890835756501074,10.418126817375805,107.78056647282659,2.5,2.44332637018563,-10172.041163559945,32.8125,32.8125,82.03125,415.625
142,142,29,0.714011659052565,0.056369752879184054,0.625,0.4557532953507715,13.683992692906914,120.32197890541333,114.30300956660142,4.99193969075199,437.57471351747915,-432.5827738267272,12.659813759743654,9.49486031980774,121.42328566842465,2.5,2.4495655722305267,-10905.938619932254,32.8125,32.8125,87.65625,359.375
143,143,29,0.7575274208237351,0.05829806443250421,0.625,0.5000700872340387,15.014604369202011,132.02191427072987,125.41766905073186,4.99193969075199,437.57471351747915,-432.5827738267272,13.890835756501074,10.418126817375805,115.19914066827481,2.5,2.4468985078012158,-10894.064334429875,32.8125,32.8125,87.65625,415.625
144,144,29,0.7527604675129421,0.05809001598482403,0.625,0.49514988498976864,14.866875296817803,130.7229473149566,124.18368143082101,6.147395260575361,458.1730530147574,-452.025657754182,13.75416347193802,10.315622603953514,121.13327245555453,2.5,2.449447265482301,-11395.567006789575,36.5625,36.5625,74.53125,409.375
145,145,29,0.7527604675129421,0.05809001598482403,0.625,0.49514988498976864,14.866875296817803,130.7229473149566,124.18368143082101,3.747599110292901,279.3132461890178,-275.56564707872485,13.75416347193802,10.315622603953514,73.88835687528237,2.5,2.418181248351706,-6858.334824643173,27.8125,27.8125,74.53125,409.375
146,146,29,0.7527604675129421,0.05809001598482403,0.625,0.49514988498976864,14.866875296817803,130.7229473149566,124.18368143082101,6.147395260575361,492.75215135549377,-486.6047560949184,13.75416347193802,10.315622603953514,130.31719904133297,2.5,2.4529428414007213,-12284.812610233197,36.5625,36.5625,80.15625,409.375
147,147,29,0.7951864066449841,0.059906576489747204,0.625,0.5394135256397947,16.195891107334834,142.408850392125,135.28501057596412,6.147395260575361,458.1730530147574,-452.025657754182,14.983709045549853,11.23778178416239,116.02020454150706,2.5,2.4472663751790003,-11385.42084772098,36.5625,36.5625,74.53125,465.625
148,148,29,0.7951864066449841,0.059906576489747204,0.625,0.5394135256397947,16.195891107334834,142.408850392125,135.28501057596412,6.147395260575361,492.75215135549377,-486.6047560949184,14.983709045549853,11.23778178416239,124.81647512329253,2.5,2.4509097310937364,-12274.630400229893,36.5625,36.5625,80.15625,465.625
149,149,29,0.7951864066449841,0.059906576489747204,0.625,0.5394135256397947,16.195891107334834,142.408850392125,135.28501057596412,3.747599110292901,279.3132461890178,-275.56564707872485,14.983709045549853,11.23778178416239,70.76950951730883,2.5,2.41469848725378,-6848.457177241805,27.8125,27.8125,74.53125,465.625
150,150,29,0.7527604675129421,0.05809001598482403,0.625,0.49514988498976864,14.866875296817803,130.7229473149566,124.18368143082101,3.747599110292901,300.3934911844154,-296.64589207412246,13.75416347193802,10.315622603953514,79.48709807264561,2.5,2.4237684934956216,-7400.042821861713,27.8125,27.8125,80.15625,409.375
151,151,29,0.7951864066449841,0.059906576489747204,0.625,0.5394135256397947,16.195891107334834,142.408850392125,135.28501057596412,3.747599110292901,300.3934911844154,-296.64589207412246,14.983709045549853,11.23778178416239,76.13192634734519,2.5,2.4205157460801416,-7390.111811442257,27.8125,27.8125,80.15625,465.625
152,152,29,0.6737595511822926,0.054550155508302334,0.625,0.4161781841554071,12.495749979266096,109.87387958719961,104.37756446349688,3.4825026524025304,311.79281559791406,-308.31031294551155,11.560505115427974,8.67037883657098,91.79008863038635,2.5,2.4337151964667276,-7722.582639975759,26.5625,26.5625,89.53125,309.375
153,153,29,0.6737595511822926,0.054550155508302334,0.625,0.4161781841554071,12.495749979266096,109.87387958719961,104.37756446349688,6.580930706400415,589.1989523074121,-582.6180216010117,11.560505115427974,8.67037883657098,173.35875665314853,2.5,2.464460114930034,-14777.823201707595,37.8125,37.8125,89.53125,309.375
154,154,29,0.6737595511822926,0.054550155508302334,0.625,0.4161781841554071,12.495749979266096,109.87387958719961,104.37756446349688,3.4825026524025304,226.90681344560238,-223.42431079319985,11.560505115427974,8.67037883657098,66.71574643732039,2.5,2.4097026280622456,-5541.133794967728,26.5625,26.5625,65.15625,309.375
155,155,29,0.7189235643331852,0.05659021811001947,0.625,0.460683300731845,13.832016104473645,121.62353395617501,115.5394558150098,3.4825026524025304,311.79281559791406,-308.31031294551155,12.79675835366236,9.59756876524677,85.9742272311404,2.5,2.4293579588587786,-7708.756401162667,26.5625,26.5625,89.53125,365.625
156,156,29,0.7189235643331852,0.05659021811001947,0.625,0.460683300731845,13.832016104473645,121.62353395617501,115.5394558150098,3.4825026524025304,226.90681344560238,-223.42431079319985,12.79675835366236,9.59756876524677,62.488606664211545,2.5,2.403829296844399,-5527.628014743543,26.5625,26.5625,65.15625,365.625
157,157,29,0.7189235643331852,0.05659021811001947,0.625,0.460683300731845,13.832016104473645,121.62353395617501,115.5394558150098,6.580930706400415,589.1989523074121,-582.6180216010117,12.79675835366236,9.59756876524677,162.3746676726902,2.5,2.4620924179061423,-14763.625606135927,37.8125,37.8125,89.53125,365.625
158,158,29,0.6737595511822926,0.054550155508302334,0.625,0.4161781841554071,12.495749979266096,109.87387958719961,104.37756446349688,6.580930706400415,428.78876633890206,-422.20783563250166,11.560505115427974,8.67037883657098,125.97544500877709,2.5,2.451352571695136,-10652.139041731049,37.8125,37.8125,65.15625,309.375
159,159,29,0.7189235643331852,0.05659021811001947,0.625,0.460683300731845,13.832016104473645,121.62353395617501,115.5394558150098,6.580930706400415,428.78876633890206,-422.20783563250166,12.79675835366236,9.59756876524677,117.99358401690483,2.5,2.448130018282773,-10638.135716622184,37.8125,37.8125,65.15625,365.625
160,160,29,0.7335339692831325,0.05724230121515927,0.625,0.47546187456175226,14.27574278371661,125.52517825969147,119.24592482597,4.030116964574483,285.2567163987876,-281.22659943421314,13.207274293382007,9.905455720036505,77.15802182438743,2.5,2.4215396032080907,-7008.946258409699,29.0625,29.0625,70.78125,384.375
161,161,29,0.7335339692831325,0.05724230121515927,0.625,0.47546187456175226,14.27574278371661,125.52517825969147,119.24592482597,5.738854677867946,406.20330766784053,-400.4644529899726,13.207274293382007,9.905455720036505,109.82182034822407,2.5,2.4443563149117105,-10074.726013275484,35.3125,35.3125,70.78125,384.375
162,162,29,0.7335339692831325,0.05724230121515927,0.625,0.47546187456175226,14.27574278371661,125.52517825969147,119.24592482597,4.030116964574483,247.47436985590184,-243.44425289132735,13.207274293382007,9.905455720036505,66.89562353739349,2.5,2.409936683591693,-6038.233695030912,29.0625,29.0625,61.40625,384.375
163,163,29,0.6991327365750003,0.05569904459931143,0.625,0.44094636550836613,13.239414624388692,116.41284842116603,110.58942886253682,4.030116964574483,285.2567163987876,-281.22659943421314,12.248510153010171,9.186382614757628,80.74762681073898,2.5,2.424922784715423,-7018.738597686712,29.0625,29.0625,70.78125,340.625
164,164,29,0.6991327365750003,0.05569904459931143,0.625,0.44094636550836613,13.239414624388692,116.41284842116603,110.58942886253682,4.030116964574483,247.47436985590184,-243.44425289132735,12.248510153010171,9.186382614757628,70.00779331750346,2.5,2.4138023691793795,-6047.919390563449,29.0625,29.0625,61.40625,340.625
165,165,29,0.6991327365750003,0.05569904459931143,0.625,0.44094636550836613,13.239414624388692,116.41284842116603,110.58942886253682,5.738854677867946,406.20330766784053,-400.4644529899726,12.248510153010171,9.186382614757628,114.93103575591597,2.5,2.4467772726369303,-10084.70429901988,35.3125,35.3125,70.78125,340.625
166,166,29,0.7335339692831325,0.05724230121515927,0.625,0.47546187456175226,14.27574278371661,125.52517825969147,119.24592482597,5.738854677867946,352.4015450628285,-346.66269038496057,13.207274293382007,9.905455720036505,95.2082463668353,2.5,2.4360340582049234,-8691.509665897984,35.3125,35.3125,61.40625,384.375
167,167,29,0.6991327365750003,0.05569904459931143,0.625,0.44094636550836613,13.239414624388692,116.41284842116603,110.58942886253682,5.738854677867946,352.4015450628285,-346.66269038496057,12.248510153010171,9.186382614757628,99.63759781752474,2.5,2.4388080380432875,-8701.406930058532,35.3125,35.3125,61.40625,340.625
168,168,29,0.8091171511443286,0.06048415889595569,0.625,0.5541552295650576,16.638510767690853,146.30076078930637,138.9822326081174,7.040725377439691,603.9622237834985,-596.9214984060588,15.3932008212516,11.544900615938701,151.0797074255321,2.5,2.4593045194266274,-15108.950098129915,39.0625,39.0625,85.78125,484.375
169,169,29,0.8091171511443286,0.06048415889595569,0.625,0.5541552295650576,16.638510767690853,146.30076078930637,138.9822326081174,3.2339136609210244,277.40915622588165,-274.1752425649606,15.3932008212516,11.544900615938701,69.437643295933,2.5,2.4131191999953474,-6809.445838923596,25.3125,25.3125,85.78125,484.375
170,170,29,0.8091171511443286,0.06048415889595569,0.625,0.5541552295650576,16.638510767690853,146.30076078930637,138.9822326081174,7.040725377439691,537.9554233700014,-530.9146979925617,15.3932008212516,11.544900615938701,134.4976745772137,2.5,2.454378787674404,-13411.306746455131,39.0625,39.0625,76.40625,484.375
171,171,29,0.7764563367113574,0.059114737244280915,0.625,0.519746035576671,15.605374718189546,137.21649885317177,130.35240048236946,7.040725377439691,603.9622237834985,-596.9214984060588,14.437389877129752,10.828042407847313,155.76808113921533,2.5,2.4605100412223844,-15116.356325585857,39.0625,39.0625,85.78125,440.625
172,172,29,0.7764563367113574,0.059114737244280915,0.625,0.519746035576671,15.605374718189546,137.21649885317177,130.35240048236946,7.040725377439691,537.9554233700014,-530.9146979925617,14.437389877129752,10.828042407847313,138.67146715852476,2.5,2.455727597610205,-13418.676963262142,39.0625,39.0625,76.40625,440.625
173,173,29,0.7764563367113574,0.059114737244280915,0.625,0.519746035576671,15.605374718189546,137.21649885317177,130.35240048236946,3.2339136609210244,277.40915622588165,-274.1752425649606,14.437389877129752,10.828042407847313,71.59246360314886,2.5,2.415645941624023,-6816.575909526595,25.3125,25.3125,85.78125,440.625
174,174,29,0.8091171511443286,0.06048415889595569,0.625,0.5541552295650576,16.638510767690853,146.30076078930637,138.9822326081174,3.2339136609210244,247.09121565474703,-243.857301993826,15.3932008212516,11.544900615938701,61.82126008549761,2.5,2.402831505606508,-6030.646064129111,25.3125,25.3125,76.40625,484.375
175,175,29,0.7764563367113574,0.059114737244280915,0.625,0.519746035576671,15.605374718189546,137.21649885317177,130.35240048236946,3.2339136609210244,247.09121565474703,-243.857301993826,14.437389877129752,10.828042407847313,63.739725349103495,2.5,2.405645744044671,-6037.709262660107,25.3125,25.3125,76.40625,440.625
176,176,29,0.6941203743384279,0.05547237097689842,0.625,0.43600342840771283,13.091002937941576,115.10787930822123,109.34973933650011,5.354092650630601,338.8136755477177,-333.4595828970871,12.111206344658692,9.08340475849402,96.52353418443907,2.5,2.4368836908167824,-8363.397957840625,34.0625,34.0625,63.28125,334.375
177,177,29,0.6941203743384279,0.05547237097689842,0.625,0.43600342840771283,13.091002937941576,115.10787930822123,109.34973933650011,4.3310097758455095,274.07171237772366,-269.7407026018781,12.111206344658692,9.08340475849402,78.10447431859458,2.5,2.4224608800834497,-6725.243528725715,30.3125,30.3125,63.28125,334.375
178,178,29,0.6941203743384279,0.05547237097689842,0.625,0.43600342840771283,13.091002937941576,115.10787930822123,109.34973933650011,5.354092650630601,449.24183646697384,-443.88774381634323,12.111206344658692,9.08340475849402,128.14160136091647,2.5,2.452159190220476,-11202.79974362288,34.0625,34.0625,83.90625,334.375
179,179,29,0.8137397699314397,0.06067358216890304,0.625,0.5590666183432216,16.78597521575523,147.59740092990637,140.21400980912196,5.354092650630601,338.8136755477177,-333.4595828970871,15.529628287311713,11.647221215483786,84.35114799834106,2.5,2.4280377963441615,-8333.038800345179,34.0625,34.0625,63.28125,490.625
180,180,29,0.8137397699314397,0.06067358216890304,0.625,0.5590666183432216,16.78597521575523,147.59740092990637,140.21400980912196,5.354092650630601,449.24183646697384,-443.88774381634323,15.529628287311713,11.647221215483786,111.98192515915596,2.5,2.4454062290504717,-11171.948536260108,34.0625,34.0625,83.90625,490.625
181,181,29,0.8137397699314397,0.06067358216890304,0.625,0.5590666183432216,16.78597521575523,147.59740092990637,140.21400980912196,4.3310097758455095,274.07171237772366,-269.7407026018781,15.529628287311713,11.647221215483786,68.2548782351,2.5,2.4116668679828286,-6695.277158318862,30.3125,30.3125,63.28125,490.625
182,182,29,0.6941203743384279,0.05547237097689842,0.625,0.43600342840771283,13.091002937941576,115.10787930822123,109.34973933650011,4.3310097758455095,363.39878900453726,-359.06777922869173,12.111206344658692,9.08340475849402,103.68082627405339,2.5,2.441138148766438,-9021.391947637308,30.3125,30.3125,83.90625,334.375
183,183,29,0.8137397699314397,0.06067358216890304,0.625,0.5590666183432216,16.78597521575523,147.59740092990637,140.21400980912196,4.3310097758455095,363.39878900453726,-359.06777922869173,15.529628287311713,11.647221215483786,90.60584856872012,2.5,2.4328721009895857,-8990.844206252592,30.3125,30.3125,83.90625,490.625
184,184,29,0.7717438477840686,0.05891289718817836,0.625,0.5148277405593706,15.457702910295103,135.9180354183287,129.11889119533032,3.0009566805994057,234.91864015317222,-231.9176834725728,14.30077057109363,10.725577928320222,60.884681622584445,2.5,2.401395734111046,-5731.949528220042,24.0625,24.0625,78.28125,434.375
185,185,29,0.7717438477840686,0.05891289718817836,0.625,0.5148277405593706,15.457702910295103,135.9180354183287,129.11889119533032,2.387676485529277,186.91029988283873,-184.52262339730945,14.30077057109363,10.725577928320222,48.39096835876852,2.5,2.3771884245562185,-4514.586574290401,20.3125,20.3125,78.28125,434.375
186,186,29,0.7717438477840686,0.05891289718817836,0.625,0.5148277405593706,15.457702910295103,135.9180354183287,129.11889119533032,3.0009566805994057,206.7846712725528,-203.78371459195338,14.30077057109363,10.725577928320222,53.56271922263581,2.5,2.3885177157536712,-5009.595954931362,24.0625,24.0625,68.90625,434.375
187,187,29,0.7383659610916379,0.057456558054417066,0.625,0.4803852415898546,14.423566878735384,126.82498073998511,120.48070617424294,3.0009566805994057,234.91864015317222,-231.9176834725728,13.344034488607074,10.008025866455306,63.17431522623869,2.5,2.404833419602936,-5740.155022821998,24.0625,24.0625,78.28125,390.625
188,188,29,0.7383659610916379,0.057456558054417066,0.625,0.4803852415898546,14.423566878735384,126.82498073998511,120.48070617424294,3.0009566805994057,206.7846712725528,-203.78371459195338,13.344034488607074,10.008025866455306,55.57700259518371,2.5,2.392384253306518,-5017.705499506466,24.0625,24.0625,68.90625,390.625
189,189,29,0.7383659610916379,0.057456558054417066,0.625,0.4803852415898546,14.423566878735384,126.82498073998511,120.48070617424294,2.387676485529277,186.91029988283873,-184.52262339730945,13.344034488607074,10.008025866455306,50.210762505914175,2.5,2.3814283895191473,-4522.638813103011,20.3125,20.3125,78.28125,390.625
190,190,29,0.7717438477840686,0.05891289718817836,0.625,0.5148277405593706,15.457702910295103,135.9180354183287,129.11889119533032,2.387676485529277,164.52583283100176,-162.13815634547248,14.30077057109363,10.725577928320222,42.565333632580156,2.5,2.3613124657867495,-3940.4284739983796,20.3125,20.3125,68.90625,434.375
191,191,29,0.7383659610916379,0.057456558054417066,0.625,0.4803852415898546,14.423566878735384,126.82498073998511,120.48070617424294,2.387676485529277,164.52583283100176,-162.13815634547248,13.344034488607074,10.008025866455306,44.16604855197556,2.5,2.3660696546218416,-3948.367009289065,20.3125,20.3125,68.90625,390.625
192,192,29,0.704117681472028,0.05592416612383004,0.625,0.44588529577165426,13.387706005543917,117.71675970171376,111.82811347303186,2.782793588603933,202.1873466720045,-199.40455308340057,12.38570266032373,9.289276995242798,56.7983700421904,2.5,2.3946008128797946,-4914.42774905049,22.8125,22.8125,72.65625,346.875
193,193,29,0.704117681472028,0.05592416612383004,0.625,0.44588529577165426,13.387706005543917,117.71675970171376,111.82811347303186,3.4825026524025304,253.02558333862135,-249.54308068621881,12.38570266032373,9.289276995242798,71.12290598445988,2.5,2.415107942067388,-6202.786554531418,26.5625,26.5625,72.65625,346.875
194,194,29,0.704117681472028,0.05592416612383004,0.625,0.44588529577165426,13.387706005543917,117.71675970171376,111.82811347303186,2.782793588603933,249.14698847969586,-246.36419489109193,12.38570266032373,9.289276995242798,70.05320422879586,2.5,2.4138563201110914,-6120.596713750672,22.8125,22.8125,89.53125,346.875
195,195,29,0.709076824628275,0.05614773555045425,0.625,0.45082077386660285,13.53589373534475,119.01975958627077,113.06593227907794,2.782793588603933,202.1873466720045,-199.40455308340057,12.522799274072302,9.392099455554227,56.41065957648755,2.5,2.393907146093226,-4913.004140035505,22.8125,22.8125,72.65625,353.125
196,196,29,0.709076824628275,0.05614773555045425,0.625,0.45082077386660285,13.53589373534475,119.01975958627077,113.06593227907794,2.782793588603933,249.14698847969586,-246.36419489109193,12.522799274072302,9.392099455554227,69.57501514669107,2.5,2.413284791029462,-6119.147539253545,22.8125,22.8125,89.53125,353.125
197,197,29,0.709076824628275,0.05614773555045425,0.625,0.45082077386660285,13.53589373534475,119.01975958627077,113.06593227907794,3.4825026524025304,253.02558333862135,-249.54308068621881,12.522799274072302,9.392099455554227,70.63741502792553,2.5,2.414544423020507,-6201.339253437197,26.5625,26.5625,72.65625,353.125
198,198,29,0.704117681472028,0.05592416612383004,0.625,0.44588529577165426,13.387706005543917,117.71675970171376,111.82811347303186,3.4825026524025304,311.79281559791406,-308.31031294551155,12.38570266032373,9.289276995242798,87.71055208262656,2.5,2.4307176393923915,-7713.070893384287,26.5625,26.5625,89.53125,346.875
199,199,29,0.709076824628275,0.05614773555045425,0.625,0.45082077386660285,13.53589373534475,119.01975958627077,113.06593227907794,3.4825026524025304,311.79281559791406,-308.31031294551155,12.522799274072302,9.392099455554227,87.11183245440924,2.5,2.4302547461778583,-7711.60205631251,26.5625,26.5625,89.53125,353.125
200,200,29,0.7811564536667195,0.059315025202489095,0.625,0.5246638328579313,15.753031581559384,138.51483088230498,131.58578493711894,4.99193969075199,437.57471351747915,-432.5827738267272,14.573995357164758,10.930496517873568,112.41262607586873,2.5,2.4456108504919767,-10888.331435610073,32.8125,32.8125,87.65625,446.875
201,201,29,0.7811564536667195,0.059315025202489095,0.625,0.5246638328579313,15.753031581559384,138.51483088230498,131.58578493711894,6.147395260575361,538.857615809809,-532.7102205492337,14.573995357164758,10.930496517873568,138.3836579619117,2.5,2.4556371541567317,-13463.56227064083,36.5625,36.5625,87.65625,446.875
202,202,29,0.7811564536667195,0.059315025202489095,0.625,0.5246638328579313,15.753031581559384,138.51483088230498,131.58578493711894,4.99193969075199,372.0555050763593,-367.0635653856073,14.573995357164758,10.930496517873568,95.52132574301622,2.5,2.4362383649412607,-9203.771227945062,32.8125,32.8125,74.53125,446.875
203,203,29,0.7858446029161587,0.05951376106280286,0.625,0.5295810728463233,15.900671712210855,139.81301578231935,132.81902962271548,4.99193969075199,437.57471351747915,-432.5827738267272,14.710585356842314,11.032939017631735,111.90112589587024,2.5,2.445367670544704,-10887.248751558409,32.8125,32.8125,87.65625,453.125
204,204,29,0.7858446029161587,0.05951376106280286,0.625,0.5295810728463233,15.900671712210855,139.81301578231935,132.81902962271548,4.99193969075199,372.0555050763593,-367.0635653856073,14.710585356842314,11.032939017631735,95.08668439518158,2.5,2.43595437698559,-9202.698360768723,32.8125,32.8125,74.53125,453.125
205,205,29,0.7858446029161587,0.05951376106280286,0.625,0.5295810728463233,15.900671712210855,139.81301578231935,132.81902962271548,6.147395260575361,538.857615809809,-532.7102205492337,14.710585356842314,11.032939017631735,137.75398433513783,2.5,2.455437986096241,-13462.470288635184,36.5625,36.5625,87.65625,453.125
206,206,29,0.7811564536667195,0.059315025202489095,0.625,0.5246638328579313,15.753031581559384,138.51483088230498,131.58578493711894,6.147395260575361,458.1730530147574,-452.025657754182,14.573995357164758,10.930496517873568,117.58262548880299,2.5,2.4479525037484895,-11388.612924643423,36.5625,36.5625,74.53125,446.875
207,207,29,0.7858446029161587,0.05951376106280286,0.625,0.5295810728463233,15.900671712210855,139.81301578231935,132.81902962271548,6.147395260575361,458.1730530147574,-452.025657754182,14.710585356842314,11.032939017631735,117.04760076603185,2.5,2.4477195697784686,-11387.529245602464,36.5625,36.5625,74.53125,453.125
208,208,29,0.7431804864162105,0.05766926279578046,0.625,0.48530758700989163,14.571360299971996,128.12451350878058,121.71523130302685,6.580930706400415,428.78876633890206,-422.20783563250166,13.480766305830322,10.110574729372741,114.51309288974583,2.5,2.446587173745685,-10631.431420096827,37.8125,37.8125,65.15625,396.875
209,209,29,0.7431804864162105,0.05766926279578046,0.625,0.48530758700989163,14.571360299971996,128.12451350878058,121.71523130302685,2.5786224662838837,168.0133700688093,-165.43474760252542,13.480766305830322,10.110574729372741,44.855796988852845,2.5,2.368020381929773,-4031.9666175750785,21.5625,21.5625,65.15625,396.875
210,210,29,0.7431804864162105,0.05766926279578046,0.625,0.48530758700989163,14.571360299971996,128.12451350878058,121.71523130302685,6.580930706400415,441.1280114134028,-434.5470807070024,13.480766305830322,10.110574729372741,117.82632072820863,2.5,2.4480579148254904,-10948.718327110835,37.8125,37.8125,67.03125,396.875
211,211,29,0.7479783949099484,0.05788041543924944,0.625,0.49022908763532463,14.71912835625062,129.42382324603784,122.94954455717007,6.580930706400415,428.78876633890206,-422.20783563250166,13.617474656536796,10.213105992402596,113.88096823727669,2.5,2.4462970613265775,-10630.170761853804,37.8125,37.8125,65.15625,403.125
212,212,29,0.7479783949099484,0.05788041543924944,0.625,0.49022908763532463,14.71912835625062,129.42382324603784,122.94954455717007,6.580930706400415,441.1280114134028,-434.5470807070024,13.617474656536796,10.213105992402596,117.17590669988658,2.5,2.4477756202368015,-10947.455790012302,37.8125,37.8125,67.03125,403.125
213,213,29,0.7479783949099484,0.05788041543924944,0.625,0.49022908763532463,14.71912835625062,129.42382324603784,122.94954455717007,2.5786224662838837,168.0133700688093,-165.43474760252542,13.617474656536796,10.213105992402596,44.608188140228826,2.5,2.3673266740509025,-4030.785459240759,21.5625,21.5625,65.15625,403.125
214,214,29,0.7431804864162105,0.05766926279578046,0.625,0.48530758700989163,14.571360299971996,128.12451350878058,121.71523130302685,2.5786224662838837,172.84828719309158,-170.2696647268077,13.480766305830322,10.110574729372741,46.154027303277545,2.5,2.3715419802549627,-4155.974327087016,21.5625,21.5625,67.03125,396.875
215,215,29,0.7479783949099484,0.05788041543924944,0.625,0.49022908763532463,14.71912835625062,129.42382324603784,122.94954455717007,2.5786224662838837,172.84828719309158,-170.2696647268077,13.617474656536796,10.213105992402596,45.89925208296955,2.5,2.37086577310563,-4154.789317681399,21.5625,21.5625,67.03125,403.125
216,216,29,0.8183521849193948,0.06086145334395599,0.625,0.5639764225936305,16.93339208837375,148.89362274437013,141.44538961027666,3.747599110292901,300.3934911844154,-296.64589207412246,15.666011738711958,11.749508804033969,74.59248561353391,2.5,2.418928544717946,-7385.265903890161,27.8125,27.8125,80.15625,496.875
217,217,29,0.8183521849193948,0.06086145334395599,0.625,0.5639764225936305,16.93339208837375,148.89362274437013,141.44538961027666,4.651271904228749,372.82851357333567,-368.17724166910693,15.666011738711958,11.749508804033969,92.57302761686991,2.5,2.4342610606113593,-9224.20295988339,31.5625,31.5625,80.15625,496.875
218,218,29,0.8183521849193948,0.06086145334395599,0.625,0.5639764225936305,16.93339208837375,148.89362274437013,141.44538961027666,3.747599110292901,307.42023951621456,-303.67264040592164,15.666011738711958,11.749508804033969,76.34381395211342,2.5,2.4207293548255286,-7565.831428731555,27.8125,27.8125,82.03125,496.875
219,219,29,0.668580804769947,0.0543157213964173,0.625,0.4112044812465733,12.34641454942836,108.56078809102539,103.13015886715925,3.747599110292901,300.3934911844154,-296.64589207412246,11.422346701293701,8.566760025970275,89.14918141466775,2.5,2.431805173777583,-7424.579727259948,27.8125,27.8125,80.15625,303.125
220,220,29,0.668580804769947,0.0543157213964173,0.625,0.4112044812465733,12.34641454942836,108.56078809102539,103.13015886715925,3.747599110292901,307.42023951621456,-303.67264040592164,11.422346701293701,8.566760025970275,91.24228082660564,2.5,2.433327843691359,-7605.207182499987,27.8125,27.8125,82.03125,303.125
221,221,29,0.668580804769947,0.0543157213964173,0.625,0.4112044812465733,12.34641454942836,108.56078809102539,103.13015886715925,4.651271904228749,372.82851357333567,-368.17724166910693,11.422346701293701,8.566760025970275,110.63861949686805,2.5,2.4447580319806446,-9263.979381542149,31.5625,31.5625,80.15625,303.125
222,222,29,0.8183521849193948,0.06086145334395599,0.625,0.5639764225936305,16.93339208837375,148.89362274437013,141.44538961027666,4.651271904228749,381.5496483937646,-376.89837648953585,15.666011738711958,11.749508804033969,94.74666040324277,2.5,2.435730440777259,-9448.399521294694,31.5625,31.5625,82.03125,496.875
223,223,29,0.668580804769947,0.0543157213964173,0.625,0.4112044812465733,12.34641454942836,108.56078809102539,103.13015886715925,4.651271904228749,381.5496483937646,-376.89837648953585,11.422346701293701,8.566760025970275,113.23643591238734,2.5,2.4459979914645786,-9488.228198300507,31.5625,31.5625,82.03125,303.125
224,224,29,0.7622799111081204,0.058504560782289994,0.625,0.5049897709323844,15.16231787224484,133.32074432684186,126.65152661923032,3.2339136609210244,198.58251074093167,-195.34859708001065,14.027493637010679,10.520620227758009,51.93229456566692,2.5,2.385178457938053,-4795.522504229499,25.3125,25.3125,61.40625,421.875
225,225,29,0.7622799111081204,0.058504560782289994,0.625,0.5049897709323844,15.16231787224484,133.32074432684186,126.65152661923032,5.354092650630601,328.77475182778534,-323.42065917715473,14.027493637010679,10.520620227758009,85.96993392302409,2.5,2.429354530710535,-8086.552586204591,34.0625,34.0625,61.40625,421.875
226,226,29,0.7622799111081204,0.058504560782289994,0.625,0.5049897709323844,15.16231787224484,133.32074432684186,126.65152661923032,3.2339136609210244,253.15480376897395,-249.92089010805293,14.027493637010679,10.520620227758009,66.27629754951,2.5,2.4091256694139314,-6196.789909888649,25.3125,25.3125,78.28125,421.875
227,227,29,0.728683587851691,0.057026492278007074,0.625,0.47053727171706483,14.12788158330487,124.22504951538923,118.01083353467216,3.2339136609210244,198.58251074093167,-195.34859708001065,13.070479769918471,9.802859827438853,53.98801487194082,2.5,2.3893570607115717,-4803.923797461858,25.3125,25.3125,61.40625,378.125
228,228,29,0.728683587851691,0.057026492278007074,0.625,0.47053727171706483,14.12788158330487,124.22504951538923,118.01083353467216,3.2339136609210244,253.15480376897395,-249.92089010805293,13.070479769918471,9.802859827438853,68.89981980741642,2.5,2.4124647650812303,-6205.37878285695,25.3125,25.3125,78.28125,378.125
229,229,29,0.728683587851691,0.057026492278007074,0.625,0.47053727171706483,14.12788158330487,124.22504951538923,118.01083353467216,5.354092650630601,328.77475182778534,-323.42065917715473,13.070479769918471,9.802859827438853,89.3730213539312,2.5,2.431971324030778,-8095.2630632156115,34.0625,34.0625,61.40625,378.125
230,230,29,0.7622799111081204,0.058504560782289994,0.625,0.5049897709323844,15.16231787224484,133.32074432684186,126.65152661923032,5.354092650630601,419.1250653071767,-413.7709726565461,14.027493637010679,10.520620227758009,109.71797700916673,2.5,2.4443048238207905,-10409.2668830589,34.0625,34.0625,78.28125,421.875
231,231,29,0.728683587851691,0.057026492278007074,0.625,0.47053727171706483,14.12788158330487,124.22504951538923,118.01083353467216,5.354092650630601,419.1250653071767,-413.7709726565461,13.070479769918471,9.802859827438853,114.06112177462353,2.5,2.4463800630532306,-10418.104454709597,34.0625,34.0625,78.28125,378.125
232,232,29,0.6840062606751918,0.05501436743838918,0.625,0.4261029920567987,12.79374233650538,112.49409657549901,106.86670809465005,5.738854677867946,438.48436523084774,-432.7455105529798,11.836194223799964,8.877145667849973,126.91551376228531,2.5,2.4517059445324287,-10919.574346453643,35.3125,35.3125,76.40625,321.875
233,233,29,0.6840062606751918,0.05501436743838918,0.625,0.4261029920567987,12.79374233650538,112.49409657549901,106.86670809465005,3.0009566805994057,229.29184637704833,-226.29088969644891,11.836194223799964,8.877145667849973,66.36895507414218,2.5,2.409247933364584,-5611.168667838465,24.0625,24.0625,76.40625,321.875
234,234,29,0.6840062606751918,0.05501436743838918,0.625,0.4261029920567987,12.79374233650538,112.49409657549901,106.86670809465005,5.738854677867946,363.1618975838309,-357.423042905963,11.836194223799964,8.877145667849973,105.02019609852866,2.5,2.4418713857787924,-8982.76611465177,35.3125,35.3125,63.28125,321.875
235,235,29,0.8044841776257586,0.06029318352511393,0.625,0.5492424626015737,16.49100493961225,145.0037567983806,137.75010975798335,5.738854677867946,438.48436523084774,-432.7455105529798,15.256735072265936,11.442551304199451,110.13111291712748,2.5,2.4445091161924446,-10887.52062390491,35.3125,35.3125,76.40625,478.125
236,236,29,0.8044841776257586,0.06029318352511393,0.625,0.5492424626015737,16.49100493961225,145.0037567983806,137.75010975798335,5.738854677867946,363.1618975838309,-357.423042905963,15.256735072265936,11.442551304199451,91.1314206769805,2.5,2.4332489034683995,-8951.047105054022,35.3125,35.3125,63.28125,478.125
237,237,29,0.8044841776257586,0.06029318352511393,0.625,0.5492424626015737,16.49100493961225,145.0037567983806,137.75010975798335,3.0009566805994057,229.29184637704833,-226.29088969644891,15.256735072265936,11.442551304199451,57.59175272419822,2.5,2.395992383036563,-5580.296324795018,24.0625,24.0625,76.40625,478.125
238,238,29,0.6840062606751918,0.05501436743838918,0.625,0.4261029920567987,12.79374233650538,112.49409657549901,106.86670809465005,3.0009566805994057,189.90428994418113,-186.90333326358171,11.836194223799964,8.877145667849973,54.91947542965891,2.5,2.391151913993772,-4599.694348790533,24.0625,24.0625,63.28125,321.875
239,239,29,0.8044841776257586,0.06029318352511393,0.625,0.5492424626015737,16.49100493961225,145.0037567983806,137.75010975798335,3.0009566805994057,189.90428994418113,-186.90333326358171,15.256735072265936,11.442551304199451,47.65645089868061,2.5,2.375389907220002,-4569.374061292857,24.0625,24.0625,63.28125,478.125
240,240,29,0.7998406675494001,0.060100656056377766,0.625,0.5443285051625631,16.343463367505958,143.70643851379498,136.5176883363702,4.3310097758455095,298.43364236685466,-294.1026325910091,15.120236254515644,11.340177190886733,75.2670134774234,2.5,2.4196317343237768,-7324.077686980209,30.3125,30.3125,68.90625,471.875
241,241,29,0.7998406675494001,0.060100656056377766,0.625,0.5443285051625631,16.343463367505958,143.70643851379498,136.5176883363702,7.040725377439691,485.14998303920373,-478.10925766176405,15.120236254515644,11.340177190886733,122.23676158586204,2.5,2.44989448242411,-12055.335216405821,39.0625,39.0625,68.90625,471.875
242,242,29,0.7998406675494001,0.060100656056377766,0.625,0.5443285051625631,16.343463367505958,143.70643851379498,136.5176883363702,4.3310097758455095,306.554285696565,-302.22327592071946,15.120236254515644,11.340177190886733,77.32396434604549,2.5,2.4217027110692526,-7532.748977200644,30.3125,30.3125,70.78125,471.875
243,243,29,0.7670185379798373,0.05870950503418137,0.625,0.5099089826733886,15.31001720476849,134.61944978299618,127.88526582074148,4.3310097758455095,298.43364236685466,-294.1026325910091,14.164138407594129,10.623103805695596,77.71281646534283,2.5,2.4220822771794777,-7331.495330746336,30.3125,30.3125,68.90625,428.125
244,244,29,0.7670185379798373,0.05870950503418137,0.625,0.5099089826733886,15.31001720476849,134.61944978299618,127.88526582074148,4.3310097758455095,306.554285696565,-302.22327592071946,14.164138407594129,10.623103805695596,79.83660799029023,2.5,2.424092087923551,-7540.181176030456,30.3125,30.3125,70.78125,428.125
245,245,29,0.7670185379798373,0.05870950503418137,0.625,0.5099089826733886,15.31001720476849,134.61944978299618,127.88526582074148,7.040725377439691,485.14998303920373,-478.10925766176405,14.164138407594129,10.623103805695596,126.20884740284441,2.5,2.4514407896106927,-12062.944218187542,39.0625,39.0625,68.90625,428.125
246,246,29,0.7998406675494001,0.060100656056377766,0.625,0.5443285051625631,16.343463367505958,143.70643851379498,136.5176883363702,7.040725377439691,498.35134312190314,-491.31061774446346,15.120236254515644,11.340177190886733,125.58065294847778,2.5,2.451202622284302,-12394.817047711125,39.0625,39.0625,70.78125,471.875
247,247,29,0.7670185379798373,0.05870950503418137,0.625,0.5099089826733886,15.31001720476849,134.61944978299618,127.88526582074148,7.040725377439691,498.35134312190314,-491.31061774446346,14.164138407594129,10.623103805695596,129.6613985768185,2.5,2.452709338223542,-12402.435948017437,39.0625,39.0625,70.78125,428.125
248,248,29,0.7238138149545201,0.05680913124296047,0.625,0.4656111791493535,13.979975653959338,122.92452747404646,116.77536862056834,2.387676485529277,200.3409801139409,-197.95330362841162,12.933643865259821,9.700232898944865,54.81285354891048,2.5,2.390949418620968,-4871.2217598615725,20.3125,20.3125,83.90625,371.875
249,249,29,0.7238138149545201,0.05680913124296047,0.625,0.4656111791493535,13.979975653959338,122.92452747404646,116.77536862056834,4.030116964574483,338.1520015588277,-334.12188459425323,12.933643865259821,9.700232898944865,92.64188619506768,2.5,2.4343086389186595,-8371.153799637612,29.0625,29.0625,83.90625,371.875
250,250,29,0.7238138149545201,0.05680913124296047,0.625,0.4656111791493535,13.979975653959338,122.92452747404646,116.77536862056834,2.387676485529277,204.8178735243083,-202.43019703877903,12.933643865259821,9.700232898944865,56.04369621960651,2.5,2.3932421353008655,-4986.16558310769,20.3125,20.3125,85.78125,371.875
251,251,29,0.6890788464481339,0.055244145256591,0.625,0.4310558662016189,12.942452382703607,113.80168913588972,108.10888983317557,2.387676485529277,200.3409801139409,-197.95330362841162,11.97377406115608,8.98033054586706,57.51090940262779,2.5,2.395852269825354,-4881.210626746906,20.3125,20.3125,83.90625,328.125
252,252,29,0.6890788464481339,0.055244145256591,0.625,0.4310558662016189,12.942452382703607,113.80168913588972,108.10888983317557,2.387676485529277,204.8178735243083,-202.43019703877903,11.97377406115608,8.98033054586706,58.80233790415842,2.5,2.398046302740176,-4996.174756015037,20.3125,20.3125,85.78125,328.125
253,253,29,0.6890788464481339,0.055244145256591,0.625,0.4310558662016189,12.942452382703607,113.80168913588972,108.10888983317557,4.030116964574483,338.1520015588277,-334.12188459425323,11.97377406115608,8.98033054586706,97.20200242993907,2.5,2.437313194843886,-8381.485932279944,29.0625,29.0625,83.90625,328.125
254,254,29,0.7238138149545201,0.05680913124296047,0.625,0.4656111791493535,13.979975653959338,122.92452747404646,116.77536862056834,4.030116964574483,345.70847086740486,-341.6783539028304,12.933643865259821,9.700232898944865,94.71940379762289,2.5,2.435712422048891,-8565.41156670499,29.0625,29.0625,85.78125,371.875
255,255,29,0.6890788464481339,0.055244145256591,0.625,0.4310558662016189,12.942452382703607,113.80168913588972,108.10888983317557,4.030116964574483,345.70847086740486,-341.6783539028304,11.97377406115608,8.98033054586706,99.38178178618628,2.5,2.4386543905060813,-8575.757275181897,29.0625,29.0625,85.78125,328.125
